restaurant_name,name,award,price,cuisine,latitude,longitude
quenino,Quenino,Selected Restaurants,$$$,Innovative,1.305775,103.827019
sushi hare,Sushi Hare,Selected Restaurants,$$$,Sushi,1.2803986,103.8480017
na oh,Na Oh,Selected Restaurants,$$,Korean Contemporary,1.3530609,103.7117347
bhoomi,Bhoomi,Selected Restaurants,$$,Indian,1.307339,103.829378
ichigo ichie,Ichigo Ichie,Selected Restaurants,$$$,Japanese,1.3075812,103.8285169
latido,Latido,Selected Restaurants,$$,"Colombian, Contemporary",1.27834,103.84433
iru den,Iru Den,Selected Restaurants,$$$,Taiwanese contemporary,1.3107446,103.8342928
l’antica pizzeria da michele,L’Antica Pizzeria da Michele,Selected Restaurants,$$,Pizza,1.282597,103.846653
sin heng claypot bak koot teh,Sin Heng Claypot Bak Koot Teh,Bib Gourmand,$$,Singaporean,1.3073313,103.9043627
san xiang rou cuo mian,San Xiang Rou Cuo Mian,Selected Restaurants,$,Street Food,1.2868787,103.8084765
long kee wanton noodle,Long Kee Wanton Noodle,Selected Restaurants,$,Street Food,1.349814,103.7184486
kang le fishball noodles,Kang Le Fishball Noodles,Selected Restaurants,$,Street Food,1.3496779,103.7184954
omakase @ stevens,Omakase @ Stevens,1 Star,$$$$,Innovative,1.3137694,103.8286826
jungle,Jungle,Bib Gourmand,$$,Thai,1.281413,103.8453743
sospiri,Sospiri,Selected Restaurants,$$,Italian,1.2800227,103.8513486
to-ricos kway chap,To-Ricos Kway Chap,Bib Gourmand,$,Street Food,1.3083574,103.8857344
nam sing hokkien fried mee,Nam Sing Hokkien Fried Mee,Bib Gourmand,$,Street Food,1.30825,103.88579
lao fu zi fried kway teow,Lao Fu Zi Fried Kway Teow,Bib Gourmand,$,Street Food,1.3080902,103.8856982
kotuwa,Kotuwa,Bib Gourmand,$$,Sri Lankan,1.2929748,103.8388373
da shi jia big prawn mee,Da Shi Jia Big Prawn Mee,Bib Gourmand,$,Singaporean,1.298469,103.8389954
song kee teochew fish porridge,Song Kee Teochew Fish Porridge,Bib Gourmand,$,Street Food,1.311974,103.839442
wok hei hor fun,Wok Hei Hor Fun,Bib Gourmand,$,Street Food,1.2874024,103.8183527
han kee,Han Kee,Bib Gourmand,$,Street Food,1.2796254,103.8467276
chai chuan tou yang rou tang,Chai Chuan Tou Yang Rou Tang,Bib Gourmand,$,Street Food,1.2856243,103.8220326
un-yang-kor-dai,Un-Yang-Kor-Dai,Bib Gourmand,$$,Thai,1.2872095,103.8483084
eminent frog porridge & seafood (lor 19),Eminent Frog Porridge & Seafood (Lor 19),Bib Gourmand,$,Street Food,1.3127778,103.8792564
hong kong yummy soup,Hong Kong Yummy Soup,Bib Gourmand,$,Street Food,1.2863998,103.8044992
kitchenman nasi lemak,Kitchenman Nasi Lemak,Bib Gourmand,$,Malaysian,1.3120852,103.8628154
fico,Fico,Bib Gourmand,$$,Italian,1.3105224,103.9463853
no.18 zion road fried kway teow,No.18 Zion Road Fried Kway Teow,Bib Gourmand,$,Street Food,1.292604,103.8312625
zhi wei xian zion road big prawn noodle,Zhi Wei Xian Zion Road Big Prawn Noodle,Bib Gourmand,$,Street Food,1.2924249,103.8312898
chey sua carrot cake,Chey Sua Carrot Cake,Bib Gourmand,$,Street Food,1.3380791,103.8447178
zai shun curry fish head,Zai Shun Curry Fish Head,Bib Gourmand,$,Street Food,1.343888,103.73722
heng heng cooked food,Heng Heng Cooked Food,Bib Gourmand,$,Street Food,1.343566,103.7380985
koh brother pig's organ soup,Koh Brother Pig's Organ Soup,Bib Gourmand,$,Street Food,1.2850432,103.832764
tiong bahru hainanese boneless chicken rice,Tiong Bahru Hainanese Boneless Chicken Rice,Bib Gourmand,$,Street Food,1.2846286,103.832596
lian he ben ji claypot,Lian He Ben Ji Claypot,Bib Gourmand,$,Street Food,1.2821566,103.8433055
song fish soup,Song Fish Soup,Bib Gourmand,$,Street Food,1.313468,103.76461
bahrakath mutton soup,Bahrakath Mutton Soup,Bib Gourmand,$,Street Food,1.324031,103.814139
heng kee,Heng Kee,Bib Gourmand,$,Street Food,1.2851492,103.8457218
ru ji kitchen,Ru Ji Kitchen,Bib Gourmand,$,Street Food,1.3081582,103.7928826
hong heng fried sotong prawn mee,Hong Heng Fried Sotong Prawn Mee,Bib Gourmand,$,Street Food,1.2849649,103.8327193
hai nan zai,Hai Nan Zai,Bib Gourmand,$,Street Food,1.4318206,103.8279671
joo siah bak koot teh,Joo Siah Bak Koot Teh,Bib Gourmand,$,Street Food,1.3445639,103.7313626
whole earth,Whole Earth,Bib Gourmand,$$,Vegetarian,1.2772625,103.8446935
kelantan kway chap · pig organ soup,Kelantan Kway Chap · Pig Organ Soup,Bib Gourmand,$,Street Food,1.3073595,103.85674
boon tong kee (balestier road),Boon Tong Kee (Balestier Road),Bib Gourmand,$,Singaporean,1.3255796,103.8495
the coconut club (beach road),The Coconut Club (Beach Road),Bib Gourmand,$$,Malaysian,1.3006534,103.8601437
jian bo tiong bahru shui kueh,Jian Bo Tiong Bahru Shui Kueh,Bib Gourmand,$,Street Food,1.3492969,103.7183594
lai heng handmade teochew kueh,Lai Heng Handmade Teochew Kueh,Bib Gourmand,$,Street Food,1.3452103,103.7310891
kwang kee teochew fish porridge,Kwang Kee Teochew Fish Porridge,Bib Gourmand,$,Street Food,1.3118717,103.8393125
fei fei roasted • noodle,Fei Fei Roasted • Noodle,Bib Gourmand,$,Street Food,1.3436537,103.7376562
true blue cuisine,True Blue Cuisine,Bib Gourmand,$$,Peranakan,1.2945379,103.8494194
anglo indian (shenton way),Anglo Indian (Shenton Way),Bib Gourmand,$$,Indian,1.279361,103.85043
indocafé,Indocafé,Bib Gourmand,$$,Peranakan,1.3110605,103.8356878
kok sen,Kok Sen,Bib Gourmand,$$,Singaporean,1.2802718,103.841681
zhup zhup,Zhup Zhup,Bib Gourmand,$,Noodles,1.3319636,103.8824999
beach road fish head bee hoon,Beach Road Fish Head Bee Hoon,Bib Gourmand,$,Street Food,1.3232442,103.8548346
margaret drive sin kee chicken rice,Margaret Drive Sin Kee Chicken Rice,Bib Gourmand,$,Street Food,1.3082682,103.7929491
heng,Heng,Bib Gourmand,$,Street Food,1.3120674,103.8393122
jalan sultan prawn mee,Jalan Sultan Prawn Mee,Bib Gourmand,$,Street Food,1.3111924,103.8727709
yhingthai palace,Yhingthai Palace,Bib Gourmand,$$,Thai,1.29648,103.85497
somma,Somma,Selected Restaurants,$$$,Innovative,1.292765,103.838817
hougang traditional famous wanton noodle,Hougang Traditional Famous Wanton Noodle,Selected Restaurants,$,Street Food,1.3083056,103.8855917
sushi ryujiro,Sushi Ryujiro,Selected Restaurants,$$$$,Sushi,1.306797,103.83133
solo,Solo,Selected Restaurants,$$,Italian,1.2806216,103.8469554
song fa bak kut teh (new bridge road),Song Fa Bak Kut Teh (New Bridge Road),Bib Gourmand,$,Singaporean,1.2890223,103.8477147
mp thai (vision exchange),MP Thai (Vision Exchange),Bib Gourmand,$$,Thai,1.329991,103.744593
kwee heng,Kwee Heng,Bib Gourmand,$,Street Food,1.312026,103.8395432
delhi lahori,Delhi Lahori,Bib Gourmand,$,Street Food,1.3064407,103.8507102
soh kee cooked food,Soh Kee Cooked Food,Bib Gourmand,$,Street Food,1.3498361,103.7184176
chuan kee boneless braised duck,Chuan Kee Boneless Braised Duck,Bib Gourmand,$,Street Food,1.3110244,103.788126
sin huat seafood restaurant,Sin Huat Seafood Restaurant,Bib Gourmand,$$,Street Food,1.314489,103.8885
tian tian hainanese chicken rice,Tian Tian Hainanese Chicken Rice,Bib Gourmand,$,Street Food,1.2804903,103.8448118
tai wah pork noodle,Tai Wah Pork Noodle,Bib Gourmand,$,Street Food,1.2852332,103.8457532
outram park fried kway teow mee,Outram Park Fried Kway Teow Mee,Bib Gourmand,$,Street Food,1.2851585,103.8457139
hoo kee bak chang,Hoo Kee Bak Chang,Bib Gourmand,$,Street Food,1.2789952,103.8466824
ar er soup,Ar Er Soup,Bib Gourmand,$,Street Food,1.2868701,103.8081238
jason penang cuisine,Jason Penang Cuisine,Bib Gourmand,$,Street Food,1.2869092,103.8081365
spinach soup,Spinach Soup,Bib Gourmand,$,Street Food,1.32144,103.870173
a noodle story,A Noodle Story,Bib Gourmand,$,Street Food,1.2790364,103.8464494
tai seng fish soup,Tai Seng Fish Soup,Bib Gourmand,$,Street Food,1.3348723,103.7215061
dudu cooked food,Dudu Cooked Food,Bib Gourmand,$,Street Food,1.3494,103.71848
hai nan xing zhou beef noodle,Hai Nan Xing Zhou Beef Noodle,Bib Gourmand,$,Street Food,1.3355032,103.857018
fu ming cooked food,Fu Ming Cooked Food,Bib Gourmand,$,Street Food,1.2874936,103.8183732
na na curry,Na Na Curry,Bib Gourmand,$,Street Food,1.285599,103.82203
new lucky claypot rice,New Lucky Claypot Rice,Bib Gourmand,$,Street Food,1.3083243,103.7929898
ji de lai hainanese chicken rice,Ji De Lai Hainanese Chicken Rice,Bib Gourmand,$,Street Food,1.4319385,103.8279349
chef kang's noodle house,Chef Kang's Noodle House,Bib Gourmand,$,Street Food,1.3372466,103.8485929
alliance seafood,Alliance Seafood,Bib Gourmand,$,Street Food,1.3121151,103.8395393
ji ji noodle house,Ji Ji Noodle House,Bib Gourmand,$,Street Food,1.2851692,103.8457399
j2 famous crispy curry puff,J2 Famous Crispy Curry Puff,Bib Gourmand,$,Street Food,1.2796129,103.8468008
bismillah biryani (little india),Bismillah Biryani (Little India),Bib Gourmand,$,Street Food,1.304989,103.8536
sik bao sin,Sik Bao Sin,Bib Gourmand,$$,Singaporean,1.314127,103.8878
muthu's curry,Muthu's Curry,Bib Gourmand,$$,Indian,1.30965,103.85204
the blue ginger,The Blue Ginger,Bib Gourmand,$$,Peranakan,1.2774155,103.8436792
cheok kee,Cheok Kee,Bib Gourmand,$,Street Food,1.32144,103.870173
singapore fried hokkien mee,Singapore Fried Hokkien Mee,Bib Gourmand,$,Street Food,1.3230892,103.8549053
lagnaa,Lagnaa,Bib Gourmand,$$,Indian,1.306444,103.8522508
cumi bali,Cumi Bali,Bib Gourmand,$$,Indonesian,1.2781933,103.8442371
yong chun wan ton noodle,Yong Chun Wan Ton Noodle,Bib Gourmand,$,Street Food,1.285599,103.82203
lixin teochew fishball noodles,Lixin Teochew Fishball Noodles,Bib Gourmand,$,Street Food,1.3352759,103.8569441
hui wei chilli ban mian,Hui Wei Chilli Ban Mian,Bib Gourmand,$,Street Food,1.32144,103.870173
selamat datang warong pak sapari,Selamat Datang Warong Pak Sapari,Bib Gourmand,$,Street Food,1.324031,103.814139
adam rd noo cheng big prawn noodle,Adam Rd Noo Cheng Big Prawn Noodle,Bib Gourmand,$,Street Food,1.324031,103.814139
soon huat,Soon Huat,Bib Gourmand,$,Street Food,1.3058048,103.8636367
podi & poriyal,Podi & Poriyal,Selected Restaurants,$$,Indian Vegetarian,1.3139174,103.857202
maison boulud,Maison Boulud,Selected Restaurants,$$,French,1.2852929,103.8607
feng zhen lor mee,Feng Zhen Lor Mee,Selected Restaurants,$,Street Food,1.3349205,103.7213881
ishizawa,Ishizawa,Selected Restaurants,$$$$,Sushi,1.2951613,103.853512
ammākase,Ammākase,Selected Restaurants,$$$,Indian,1.284513,103.851094
the prince,The Prince,Selected Restaurants,$$,Middle Eastern,1.277961,103.844791
ki su,Ki Su,Selected Restaurants,$$,Vegetarian,1.2778193,103.8441991
sushi sato,Sushi Sato,Selected Restaurants,$$$,Sushi,1.304985,103.808433
redhill pork porridge,Redhill Pork Porridge,Selected Restaurants,$,Street Food,1.2872772,103.8180805
jin hua,Jin Hua,Selected Restaurants,$,Street Food,1.3080902,103.8856982
nómada,Nómada,Selected Restaurants,$$,Spanish Contemporary,1.2789693,103.8415477
yong kee claypot bak kut teh,Yong Kee Claypot Bak Kut Teh,Selected Restaurants,$,Street Food,1.3345193,103.7214706
yong xiang xing tou fu,Yong Xiang Xing Tou Fu,Selected Restaurants,$,Street Food,1.2851661,103.8425425
hoe kee kitchen,Hoe Kee Kitchen,Selected Restaurants,$,Street Food,1.3499648,103.7184122
xing yun hainanese boneless chicken rice,Xing Yun Hainanese Boneless Chicken Rice,Selected Restaurants,$,Street Food,1.3452585,103.7313252
bedok chwee kueh,Bedok Chwee Kueh,Selected Restaurants,$,Street Food,1.3249411,103.9306756
chung cheng,Chung Cheng,Selected Restaurants,$,Street Food,1.3033256,103.8639165
tiong bahru lien fa shui jing pau,Tiong Bahru Lien Fa Shui Jing Pau,Selected Restaurants,$,Street Food,1.284671,103.8326
pondok makan indonesia,Pondok Makan Indonesia,Selected Restaurants,$,Street Food,1.3013262,103.8538666
shang palace,Shang Palace,Selected Restaurants,$$,Cantonese,1.3111984,103.8265468
min jiang at dempsey,Min Jiang at Dempsey,Selected Restaurants,$$,"Cantonese, Sichuan",1.3049401,103.8083222
bar-roque grill,Bar-Roque Grill,Selected Restaurants,$$,European,1.2755732,103.843511
ushidoki wagyu kaiseki,Ushidoki Wagyu Kaiseki,Selected Restaurants,$$$$,Japanese,1.2780323,103.8444829
yong fu,Yong Fu,Selected Restaurants,$$$$,Ningbo,1.2951461,103.8576472
545 whampoa prawn noodles,545 Whampoa Prawn Noodles,Selected Restaurants,$,Street Food,1.3059012,103.8504528
vue,Vue,Selected Restaurants,$$$,European Contemporary,1.2830712,103.85301
ghim moh chwee kueh,Ghim Moh Chwee Kueh,Selected Restaurants,$,Street Food,1.3110349,103.7882915
shi le yuan,Shi Le Yuan,Selected Restaurants,$,Street Food,1.2873967,103.818244
come daily fried hokkien prawn mee,Come Daily Fried Hokkien Prawn Mee,Selected Restaurants,$,Street Food,1.3381846,103.8447186
wah lok,Wah Lok,Selected Restaurants,$$,Cantonese,1.295806,103.8523
tunglok heen,Tunglok Heen,Selected Restaurants,$$,Cantonese,1.2548974,103.820172
olivia,Olivia,Selected Restaurants,$$,Spanish,1.2807626,103.8416376
yì by jereme leung,Yì By Jereme Leung,Selected Restaurants,$$,Chinese Contemporary,1.295585,103.8540095
jian bo shui kueh,Jian Bo Shui Kueh,Selected Restaurants,$,Street Food,1.2846506,103.83259
koka wanton noodles,Koka Wanton Noodles,Selected Restaurants,$,Street Food,1.3058048,103.8636367
hill street fried kway teow,Hill Street Fried Kway Teow,Selected Restaurants,$,Street Food,1.3203783,103.9355949
hong peng la mian xiao long bao,Hong Peng La Mian Xiao Long Bao,Selected Restaurants,$,Street Food,1.2852868,103.8425969
springleaf prata place (spring leaf garden),Springleaf Prata Place (Spring Leaf Garden),Selected Restaurants,$,Street Food,1.3971,103.81896
lao jie fang,Lao Jie Fang,Selected Restaurants,$,Street Food,1.2932654,103.8028365
ah heng duck rice,Ah Heng Duck Rice,Selected Restaurants,$,Street Food,1.2851653,103.8457572
spago dining room,Spago Dining Room,Selected Restaurants,$$,"Californian, Asian Contemporary",1.2839213,103.8590604
buko nero,Buko Nero,Selected Restaurants,$$,Italian,1.277667,103.84357
majestic,Majestic,Selected Restaurants,$$,Cantonese,1.2780668,103.8528577
torno subito,Torno Subito,Selected Restaurants,$$,Italian,1.3057499,103.8112763
brasserie astoria,Brasserie Astoria,Selected Restaurants,$$,European Contemporary,1.28801,103.85171
aunty oats pancake,Aunty Oats Pancake,Selected Restaurants,$,Street Food,1.3083574,103.8857344
mustard seed,Mustard Seed,Selected Restaurants,$$$,Singaporean,1.3630824,103.8711608
whampoa soya bean & grass jelly drinks,Whampoa Soya Bean & Grass Jelly Drinks,Selected Restaurants,$,Street Food,1.3228091,103.8551585
tow kwar pop,Tow Kwar Pop,Selected Restaurants,$,Street Food,1.2846506,103.83259
revolver,Revolver,Selected Restaurants,$$,Barbecue,1.2781226,103.8442476
the 1950's coffee,The 1950's Coffee,Selected Restaurants,$,Street Food,1.2821578,103.8432905
yan ting,Yan Ting,Selected Restaurants,$$,Cantonese,1.305914,103.8259
keng eng kee (bukit merah),Keng Eng Kee (Bukit Merah),Selected Restaurants,$,Singaporean,1.2857642,103.8037043
hup kee teochew fishball mee,Hup Kee Teochew Fishball Mee,Selected Restaurants,$,Street Food,1.2932654,103.8028365
kang's wanton noodle,Kang's Wanton Noodle,Selected Restaurants,$,Street Food,1.29236,103.83122
shunsui,Shunsui,Selected Restaurants,$$$,Japanese,1.28762,103.84726
food street fried kway teow mee,Food Street Fried Kway Teow Mee,Selected Restaurants,$,Street Food,1.2821551,103.8432905
hong wen mutton soup,Hong Wen Mutton Soup,Selected Restaurants,$,Street Food,1.3423709,103.7762553
huat heng fried oyster,Huat Heng Fried Oyster,Selected Restaurants,$,Street Food,1.3231563,103.8549835
people's park hainanese chicken rice,People's Park Hainanese Chicken Rice,Selected Restaurants,$,Street Food,1.2851661,103.8425425
c.m.y. satay,C.M.Y. Satay,Selected Restaurants,$,Street Food,1.2823914,103.8430927
ah ter authentic teochew fish ball noodles,Ah Ter Authentic Teochew Fish Ball Noodles,Selected Restaurants,$,Street Food,1.2794786,103.8466829
lor 9 beef kway teow,Lor 9 Beef Kway Teow,Selected Restaurants,$,Street Food,1.312193,103.8767
garibaldi,Garibaldi,Selected Restaurants,$$,Italian,1.296564,103.855
fiz,Fiz,Selected Restaurants,$$$,"Malaysian, Contemporary",1.279692,103.844015
loong kee yong tau fu,Loong Kee Yong Tau Fu,Selected Restaurants,$,Street Food,1.3495894,103.7182191
hua xing bak kut teh,Hua Xing Bak Kut Teh,Selected Restaurants,$,Street Food,1.3452792,103.7313194
nasi lemak ayam taliwang,Nasi Lemak Ayam Taliwang,Selected Restaurants,$,Street Food,1.4249952,103.8447273
ivy's hainanese herbal mutton soup,Ivy's Hainanese Herbal Mutton Soup,Selected Restaurants,$,Street Food,1.2759467,103.7914178
ah hock fried hokkien noodles,Ah Hock Fried Hokkien Noodles,Selected Restaurants,$,Street Food,1.3642542,103.8665402
heng gi goose and duck rice,Heng Gi Goose and Duck Rice,Selected Restaurants,$,Street Food,1.3056875,103.8505645
tien lai rice stall,Tien Lai Rice Stall,Selected Restaurants,$,Street Food,1.3347274,103.7214058
fatty ox hk kitchen,Fatty Ox HK Kitchen,Selected Restaurants,$,Street Food,1.2822034,103.8432932
birds of paradise (katong),Birds Of Paradise (Katong),Selected Restaurants,$,Street Food,1.3052429,103.9035725
rojak‧popiah & cockle,Rojak‧Popiah & Cockle,Selected Restaurants,$,Street Food,1.2802878,103.844637
91 fried kway teow mee,91 Fried Kway Teow Mee,Selected Restaurants,$,Street Food,1.3029121,103.8638813
traditional hakka lui cha,Traditional Hakka Lui Cha,Selected Restaurants,$,Street Food,1.3496022,103.7182959
san shu gong (geylang),San Shu Gong (Geylang),Selected Restaurants,$$,"Teochew, Cantonese",1.3111829,103.8739285
putien (kitchener road),Putien (Kitchener Road),Selected Restaurants,$$,Fujian,1.3095414,103.8574032
sushi katori,Sushi Katori,Selected Restaurants,$$$$,Sushi,1.2795296,103.8441068
zi jing cheng hainanese boneless chicken rice,Zi Jing Cheng Hainanese Boneless Chicken Rice,Selected Restaurants,$,Street Food,1.2862958,103.8045586
fiamma,Fiamma,Selected Restaurants,$$$,Italian,1.2494097,103.8242699
ye tang,Ye Tang,Selected Restaurants,$,Street Food,1.3424073,103.776255
boon tong kee kway chap‧braised duck,Boon Tong Kee Kway Chap‧Braised Duck,Selected Restaurants,$,Street Food,1.2924249,103.8311181
lor mee 178,Lor Mee 178,Selected Restaurants,$,Street Food,1.2846377,103.8326
cheng heng kway chap and braised duck rice,Cheng Heng Kway Chap and Braised Duck Rice,Selected Restaurants,$,Street Food,1.3081707,103.7924893
imperial treasure super peking duck (paragon),Imperial Treasure Super Peking Duck (Paragon),Selected Restaurants,$$,Cantonese,1.303191,103.8354
wakuda,Wakuda,Selected Restaurants,$$$,Japanese Contemporary,1.283879,103.8606805
jiao cai seafood,Jiao Cai Seafood,Selected Restaurants,$,Street Food,1.4251958,103.8446508
poh cheu (kpt coffee shop),Poh Cheu (KPT Coffee Shop),Selected Restaurants,$,Street Food,1.28535,103.80339
r&b express,R&B Express,Selected Restaurants,$,Street Food,1.3122041,103.8396372
hock seng choon fish ball kway teow mee,Hock Seng Choon Fish Ball Kway Teow Mee,Selected Restaurants,$,Street Food,1.3203827,103.9351611
sheng seng fried prawn noodle,Sheng Seng Fried Prawn Noodle,Selected Restaurants,$,Street Food,1.3162872,103.8499262
allauddin's briyani,Allauddin's Briyani,Selected Restaurants,$,Street Food,1.3060542,103.8508753
jiang-nan chun,Jiang-Nan Chun,Selected Restaurants,$$$,Cantonese,1.304937,103.8288
hokkien street bak kut teh,Hokkien Street Bak Kut Teh,Selected Restaurants,$,Street Food,1.2853017,103.8457225
leon kee claypot pork rib soup,Leon Kee Claypot Pork Rib Soup,Selected Restaurants,$,Street Food,1.2863927,103.8044724
tambuah mas (orchard),Tambuah Mas (Orchard),Selected Restaurants,$$,Indonesian,1.3036065,103.8349852
unforgettable carrot cake,Unforgettable Carrot Cake,Selected Restaurants,$,Street Food,1.2856834,103.8222026
la d'oro,La D'Oro,Selected Restaurants,$$$,Italian Contemporary,1.3022251,103.8361885
hokkien man hokkien mee,Hokkien Man Hokkien Mee,Selected Restaurants,$,Street Food,1.3352503,103.8565087
zheng zhi wen ji pig's organ soup,Zheng Zhi Wen Ji Pig's Organ Soup,Selected Restaurants,$,Street Food,1.313468,103.76461
sushi yuki,Sushi Yuki,Selected Restaurants,$$$,Sushi,1.301895,103.8495012
ce soir,Ce Soir,Selected Restaurants,$$$,Asian Contemporary,1.2942933,103.7960641
esquina,Esquina,Selected Restaurants,$$,Spanish,1.2799309,103.8420297
gunther's,Gunther's,Selected Restaurants,$$$,French Contemporary,1.296602,103.8549
fleur de sel,Fleur de Sel,Selected Restaurants,$$,French,1.2777778,103.84417
heng long bbq chicken rice,Heng Long BBQ Chicken Rice,Selected Restaurants,$,Street Food,1.2932654,103.8028365
rempapa,Rempapa,Selected Restaurants,$,South East Asian,1.2896985,103.8512862
claudine,Claudine,Selected Restaurants,$$,French,1.3048538,103.8134286
chomp chomp satay,Chomp Chomp Satay,Selected Restaurants,$,Street Food,1.3642842,103.8664665
new world mutton soup,New World Mutton Soup,Selected Restaurants,$,Street Food,1.324706,103.9306438
hock hai (hong lim) curry chicken noodle,Hock Hai (Hong Lim) Curry Chicken Noodle,Selected Restaurants,$,Street Food,1.324642,103.9306401
ann chin handmade popiah,Ann Chin Handmade Popiah,Selected Restaurants,$,Street Food,1.2820232,103.8433404
singapore famous rojak,Singapore Famous Rojak,Selected Restaurants,$,Street Food,1.3008879,103.8543306
gordon grill,Gordon Grill,Selected Restaurants,$$,European Contemporary,1.3088935,103.8343348
ibid,Ibid,Selected Restaurants,$$$,Innovative,1.2863152,103.848305
mustard,Mustard,Selected Restaurants,$$,Indian,1.307995,103.850682
open farm community,Open Farm Community,Selected Restaurants,$$,International,1.305662,103.8161
sin hoi sai (tiong bahru),Sin Hoi Sai (Tiong Bahru),Selected Restaurants,$$,Seafood,1.2847942,103.8341
jade palace,Jade Palace,Selected Restaurants,$$,Seafood,1.3059609,103.828514
national kitchen,National Kitchen,Selected Restaurants,$$,Singaporean,1.2896,103.85155
luke's,Luke's,Selected Restaurants,$$,Steakhouse,1.282271,103.8472284
zhang ji shanghai la mian xiao long bao,Zhang Ji Shanghai La Mian Xiao Long Bao,Selected Restaurants,$,Street Food,1.2859524,103.8042849
hup hong chicken rice,Hup Hong Chicken Rice,Selected Restaurants,$,Street Food,1.3436675,103.7376637
foc (central),Foc (Central),Selected Restaurants,$$,Spanish,1.2803032,103.8416179
da po,Da Po,Selected Restaurants,$,Street Food,1.3029969,103.8639417
osteria mozza,Osteria Mozza,Selected Restaurants,$$,Italian,1.3022687,103.8359587
maxwell fuzhou oyster cake,Maxwell Fuzhou Oyster Cake,Selected Restaurants,$,Street Food,1.28033,103.84473
toa payoh 93 soon kueh,Toa Payoh 93 Soon Kueh,Selected Restaurants,$,Street Food,1.32144,103.870173
mellben seafood (ang mo kio),Mellben Seafood (Ang Mo Kio),Selected Restaurants,$$,Seafood,1.36839,103.83717
straits chinese (cecil street),Straits Chinese (Cecil Street),Selected Restaurants,$$,Peranakan,1.2803461,103.8489224
shanyuan teochew kway teow mian,Shanyuan Teochew Kway Teow Mian,Selected Restaurants,$,Street Food,1.3058048,103.8636367
nyonya chendol,Nyonya Chendol,Selected Restaurants,$,Street Food,1.4318534,103.8279828
fu he turtle soup,Fu He Turtle Soup,Selected Restaurants,$,Street Food,1.3075565,103.8568638
butcher's block,Butcher's Block,Selected Restaurants,$$$,Meats and Grills,1.2953284,103.8538526
sushi masaaki,Sushi Masaaki,Selected Restaurants,$$$$,Sushi,1.2939051,103.855084
les amis,Les Amis,3 Stars,$$$$,French,1.30626,103.83204
odette,Odette,3 Stars,$$$$,French Contemporary,1.2896459,103.8516
zén,Zén,3 Stars,$$$$,European Contemporary,1.2796271,103.84042
cloudstreet,Cloudstreet,2 Stars,$$$$,Innovative,1.280977,103.8470099
sushi sakuta,Sushi Sakuta,2 Stars,$$$$,Sushi,1.2943463,103.8506988
thevar,Thevar,2 Stars,$$$$,Innovative,1.29362,103.841477
jaan by kirk westaway,Jaan by Kirk Westaway,2 Stars,$$$,British Contemporary,1.293387,103.85314
saint pierre,Saint Pierre,2 Stars,$$$$,French Contemporary,1.2862377,103.854219
meta,Meta,2 Stars,$$$,Innovative,1.29391,103.8417604
shoukouwa,Shoukouwa,2 Stars,$$$$,Sushi,1.2863698,103.854
lerouy,Lerouy,1 Star,$$$,French Contemporary,1.293924,103.841922
hill street tai hwa pork noodle,Hill Street Tai Hwa Pork Noodle,1 Star,$,Street Food,1.3052,103.8624
iggy's,Iggy's,1 Star,$$$,European Contemporary,1.3059244,103.8293379
waku ghin,Waku Ghin,1 Star,$$$$,Japanese Contemporary,1.283175,103.8598
ma cuisine,Ma Cuisine,1 Star,$$$,French,1.2782652,103.8418934
nouri,Nouri,1 Star,$$$$,Innovative,1.28086,103.84713
summer pavilion,Summer Pavilion,1 Star,$$,Cantonese,1.291284,103.8603
cut,CUT,1 Star,$$$,Steakhouse,1.2857261,103.8597843
shisen hanten,Shisen Hanten,1 Star,$$,"Sichuan, Cantonese",1.302395,103.8365
sushi ichi,Sushi Ichi,1 Star,$$$$,Sushi,1.305105,103.8324
burnt ends,Burnt Ends,1 Star,$$$,Barbecue,1.3048886,103.8086664
labyrinth,Labyrinth,1 Star,$$$,"Innovative, Singaporean",1.2897489,103.8563
imperial treasure fine teochew cuisine (orchard),Imperial Treasure Fine Teochew Cuisine (Orchard),1 Star,$$,Teochew,1.304144,103.83147
chaleur,Chaleur,1 Star,$$$,Innovative,1.279252,103.842122
araya,Araya,1 Star,$$$$,"Innovative, Chilean",1.278868,103.841816
buona terra,Buona Terra,1 Star,$$$,Italian Contemporary,1.3107414,103.8348231
pangium,Pangium,1 Star,$$$,Peranakan,1.3143675,103.8092377
candlenut,Candlenut,1 Star,$$,Peranakan,1.3058588,103.8100724
jag,Jag,1 Star,$$$,French Contemporary,1.29094,103.84028
willow,Willow,1 Star,$$$,Asian Contemporary,1.2874604,103.8473514
hamamoto,Hamamoto,1 Star,$$$$,Sushi,1.2779413,103.8441838
whitegrass,Whitegrass,1 Star,$$$,French Contemporary,1.2955388,103.8519798
summer palace,Summer Palace,1 Star,$$$,Cantonese,1.3046521,103.8247494
born,Born,1 Star,$$$$,Innovative,1.2803952,103.843918
seroja,Seroja,1 Star,$$$,"Malaysian, Contemporary",1.2998671,103.858076
marguerite,Marguerite,1 Star,$$$,European Contemporary,1.2849725,103.8639515
nae:um,Nae:um,1 Star,$$$,Korean Contemporary,1.28033,103.84755
lei garden,Lei Garden,1 Star,$$,Cantonese,1.29538,103.85162
ingleside,Ingleside,Selected Restaurants,$$,European Contemporary,1.2782014,103.8446191
station by kotuwa,Station by Kotuwa,Selected Restaurants,$$,Sri Lankan,1.2812755,103.8485355
les ducs,Les Ducs,Selected Restaurants,$$,French,1.2816591,103.8454053
magpie,Magpie,Selected Restaurants,$$,Contemporary,1.2849632,103.8332262
hayop,Hayop,Selected Restaurants,$$,"Filipino, Contemporary",1.2817671,103.8474694
belimbing,Belimbing,Selected Restaurants,$$,"Innovative, Singaporean",1.3008122,103.8601196
dill,Dill,Selected Restaurants,$$,Scandinavian,1.2790267,103.8434029
jin ting wan,Jin Ting Wan,Selected Restaurants,$$$$,Cantonese,1.2823222,103.858496
gaston,Gaston,Selected Restaurants,$$,French,1.2798386,103.8414273
rajarani thosai,Rajarani Thosai,Selected Restaurants,$,Street Food,1.3454596,103.9445598
yi pin wei braised duck．kway chap,Yi Pin Wei Braised Duck．Kway Chap,Selected Restaurants,$,Street Food,1.3454935,103.944715
yummy sarawak kolo mee,Yummy Sarawak Kolo Mee,Selected Restaurants,$,Street Food,1.345531,103.9447526
